<?xml version="1.0" encoding="UTF-8" standalone="no"?><AbstractRoot id="0"><GameObject components="UIDrawCall|MeshFilter|MeshRenderer" id="-10046" name="New Game Object"/><GameObject components="UIDrawCall|MeshFilter|MeshRenderer" id="-10032" name="New Game Object"/><GameObject components="WetestManager|U3DAutomationBehaviour" id="10044" name="Wetest"/><GameObject components="UIRoot|UIPanel|Rigidbody" id="10056" name="Canvas"><GameObject components="Camera|UICamera" id="10036" name="Camera"/><GameObject components="UIPanel|MainControl" id="10062" name="Panel"><GameObject components="UISprite" id="10066" img="bg" name="bg"/><GameObject components="UISprite|UIButton|BoxCollider|UIEventListener" id="10052" img="bt_bg" name="Sample"><GameObject components="UILabel" id="10050" name="Text" txt="Sample"/><GameObject components="" id="10058" name="NGUI Snapshot Point 36"/></GameObject><GameObject components="UISprite|UIButton|BoxCollider|UIEventListener" id="10046" img="bt_bg" name="FindElements"><GameObject components="UILabel" id="10048" name="Label" txt="FindElements"/><GameObject components="" id="10064" name="NGUI Snapshot Point 36"/></GameObject><GameObject components="UISprite|UIButton|BoxCollider|UIEventListener" id="10042" img="bt_bg" name="Interaction"><GameObject components="UILabel" id="10040" name="Label" txt="Interaction"/><GameObject components="" id="10032" name="NGUI Snapshot Point 36"/></GameObject><GameObject components="UISprite|UIButton|BoxCollider|UIEventListener" id="10054" img="bt_bg" name="Joystick"><GameObject components="UILabel" id="10034" name="Label" txt="Joystick"/><GameObject components="" id="10038" name="NGUI Snapshot Point 36"/></GameObject></GameObject></GameObject><GameObject components="CustomTester" id="10060" name="CustomTester"/></AbstractRoot>